word,years,source_files,source_difficulties
cushion,2020; 2021; 2022; 2023; 2024; 2025,2020 Words_of_the_Champions.pdf; 2021_Printable_Words of the Champions.pdf; 2022 Words of the Champions_low_ink_printable.pdf; 2023_Words_of_the_Champions.pdf; 2024 Words of the Champions.pdf; 2025 Words of Champion _1_.pdf,One Bee; Three Bee; Two Bee
custard,2025,2025 Words of Champion _1_.pdf,Three Bee
customer,2024,2024 Words of the Champions.pdf,Three Bee
cutaneous,2020; 2021; 2022,2020 Words_of_the_Champions.pdf; 2021_Printable_Words of the Champions.pdf; 2022 Words of the Champions_low_ink_printable.pdf,One Bee; Two Bee
cute,2023,2023_Words_of_the_Champions.pdf,Two Bee
cutis,2020; 2021; 2022; 2023; 2025,2020 Words_of_the_Champions.pdf; 2021_Printable_Words of the Champions.pdf; 2022 Words of the Champions_low_ink_printable.pdf; 2023_Words_of_the_Champions.pdf; 2025 Words of Champion _1_.pdf,One Bee; Three Bee; Two Bee
cutiscyanosis,2024,2024 Words of the Champions.pdf,Three Bee
cutlery,2020,2020 Words_of_the_Champions.pdf,One Bee
cutter,2025,2025 Words of Champion _1_.pdf,Three Bee
cutting,2024,2024 Words of the Champions.pdf,Three Bee
cyanosis,2020; 2021; 2025,2020 Words_of_the_Champions.pdf; 2021_Printable_Words of the Champions.pdf; 2025 Words of Champion _1_.pdf,One Bee; Three Bee
cyanosisregurgitate,2022; 2023,2022 Words of the Champions_low_ink_printable.pdf; 2023_Words_of_the_Champions.pdf,Two Bee
cybernetics,2021; 2022; 2023; 2024; 2025,2021_Printable_Words of the Champions.pdf; 2022 Words of the Champions_low_ink_printable.pdf; 2023_Words_of_the_Champions.pdf; 2024 Words of the Champions.pdf; 2025 Words of Champion _1_.pdf,One Bee; Three Bee; Two Bee
cyberneticsgarniture,2020,2020 Words_of_the_Champions.pdf,One Bee
cycle,2023; 2024; 2025,2023_Words_of_the_Champions.pdf; 2024 Words of the Champions.pdf; 2025 Words of Champion _1_.pdf,Three Bee; Two Bee
cyclone,2020; 2021; 2022; 2023; 2024; 2025,2020 Words_of_the_Champions.pdf; 2021_Printable_Words of the Champions.pdf; 2022 Words of the Champions_low_ink_printable.pdf; 2023_Words_of_the_Champions.pdf; 2024 Words of the Champions.pdf; 2025 Words of Champion _1_.pdf,One Bee; Three Bee; Two Bee
cyclops,2025,2025 Words of Champion _1_.pdf,Three Bee
cygnet,2020; 2021; 2022; 2023; 2024; 2025,2020 Words_of_the_Champions.pdf; 2021_Printable_Words of the Champions.pdf; 2022 Words of the Champions_low_ink_printable.pdf; 2023_Words_of_the_Champions.pdf; 2024 Words of the Champions.pdf; 2025 Words of Champion _1_.pdf,One Bee; Three Bee; Two Bee
cylindrical,2020; 2021; 2024; 2025,2020 Words_of_the_Champions.pdf; 2021_Printable_Words of the Champions.pdf; 2024 Words of the Champions.pdf; 2025 Words of Champion _1_.pdf,One Bee; Three Bee
cymbals,2020; 2021; 2022; 2023; 2024; 2025,2020 Words_of_the_Champions.pdf; 2021_Printable_Words of the Champions.pdf; 2022 Words of the Champions_low_ink_printable.pdf; 2023_Words_of_the_Champions.pdf; 2024 Words of the Champions.pdf; 2025 Words of Champion _1_.pdf,One Bee; Three Bee; Two Bee
cynicism,2024; 2025,2024 Words of the Champions.pdf; 2025 Words of Champion _1_.pdf,Three Bee
cynocephali,2023; 2024; 2025,2023_Words_of_the_Champions.pdf; 2024 Words of the Champions.pdf; 2025 Words of Champion _1_.pdf,Three Bee; Two Bee
cytoplasm,2020; 2021; 2022,2020 Words_of_the_Champions.pdf; 2021_Printable_Words of the Champions.pdf; 2022 Words of the Champions_low_ink_printable.pdf,One Bee; Two Bee
dactylic,2020; 2021; 2022; 2023; 2024; 2025,2020 Words_of_the_Champions.pdf; 2021_Printable_Words of the Champions.pdf; 2022 Words of the Champions_low_ink_printable.pdf; 2023_Words_of_the_Champions.pdf; 2024 Words of the Champions.pdf; 2025 Words of Champion _1_.pdf,One Bee; Three Bee; Two Bee
daft,2023; 2024; 2025,2023_Words_of_the_Champions.pdf; 2024 Words of the Champions.pdf; 2025 Words of Champion _1_.pdf,Three Bee; Two Bee
daguerreotype,2020; 2021; 2023; 2024; 2025,2020 Words_of_the_Champions.pdf; 2021_Printable_Words of the Champions.pdf; 2023_Words_of_the_Champions.pdf; 2024 Words of the Champions.pdf; 2025 Words of Champion _1_.pdf,One Bee; Three Bee; Two Bee
dainty,2020,2020 Words_of_the_Champions.pdf,One Bee
dais,2023,2023_Words_of_the_Champions.pdf,Two Bee
daisy,2024; 2025,2024 Words of the Champions.pdf; 2025 Words of Champion _1_.pdf,Three Bee
daliesque,2020,2020 Words_of_the_Champions.pdf,One Bee
dalmatian,2020; 2021; 2022; 2023; 2024; 2025,2020 Words_of_the_Champions.pdf; 2021_Printable_Words of the Champions.pdf; 2022 Words of the Champions_low_ink_printable.pdf; 2023_Words_of_the_Champions.pdf; 2024 Words of the Champions.pdf; 2025 Words of Champion _1_.pdf,One Bee; Three Bee; Two Bee
damaged,2023,2023_Words_of_the_Champions.pdf,Two Bee
damascened,2025,2025 Words of Champion _1_.pdf,Three Bee
dame,2021; 2022; 2023; 2024; 2025,2021_Printable_Words of the Champions.pdf; 2022 Words of the Champions_low_ink_printable.pdf; 2023_Words_of_the_Champions.pdf; 2024 Words of the Champions.pdf; 2025 Words of Champion _1_.pdf,One Bee; Three Bee; Two Bee
damp,2021,2021_Printable_Words of the Champions.pdf,One Bee
damson,2020; 2021; 2022; 2023,2020 Words_of_the_Champions.pdf; 2021_Printable_Words of the Champions.pdf; 2022 Words of the Champions_low_ink_printable.pdf; 2023_Words_of_the_Champions.pdf,One Bee; Two Bee
dance,2024; 2025,2024 Words of the Champions.pdf; 2025 Words of Champion _1_.pdf,Three Bee
dancing,2025,2025 Words of Champion _1_.pdf,Three Bee
dandelion,2020; 2021; 2022; 2023,2020 Words_of_the_Champions.pdf; 2021_Printable_Words of the Champions.pdf; 2022 Words of the Champions_low_ink_printable.pdf; 2023_Words_of_the_Champions.pdf,One Bee; Two Bee
dandle,2021; 2022; 2023; 2024; 2025,2021_Printable_Words of the Champions.pdf; 2022 Words of the Champions_low_ink_printable.pdf; 2023_Words_of_the_Champions.pdf; 2024 Words of the Champions.pdf; 2025 Words of Champion _1_.pdf,One Bee; Three Bee; Two Bee
dandruff,2020,2020 Words_of_the_Champions.pdf,One Bee
dangerous,2021,2021_Printable_Words of the Champions.pdf,One Bee
danseur,2020; 2021; 2022; 2023; 2024; 2025,2020 Words_of_the_Champions.pdf; 2021_Printable_Words of the Champions.pdf; 2022 Words of the Champions_low_ink_printable.pdf; 2023_Words_of_the_Champions.pdf; 2024 Words of the Champions.pdf; 2025 Words of Champion _1_.pdf,One Bee; Three Bee; Two Bee
danta,2023; 2024; 2025,2023_Words_of_the_Champions.pdf; 2024 Words of the Champions.pdf; 2025 Words of Champion _1_.pdf,Three Bee; Two Bee
daoism,2024,2024 Words of the Champions.pdf,Three Bee
dapper,2024,2024 Words of the Champions.pdf,Three Bee
dappled,2021,2021_Printable_Words of the Champions.pdf,One Bee
daredevil,2025,2025 Words of Champion _1_.pdf,Three Bee
daresay,2020; 2021; 2022; 2023; 2024,2020 Words_of_the_Champions.pdf; 2021_Printable_Words of the Champions.pdf; 2022 Words of the Champions_low_ink_printable.pdf; 2023_Words_of_the_Champions.pdf; 2024 Words of the Champions.pdf,One Bee; Three Bee; Two Bee
darjeeling,2024; 2025,2024 Words of the Champions.pdf; 2025 Words of Champion _1_.pdf,Three Bee
