"word","reason"
"aaccdi","No definition found"
"aachen","No definition found"
"aal","No definition found"
"abaculus","No definition found"
"abhenry","No definition found"
"abhijay","No definition found"
"abnegationbeguile","No definition found"
"abraum","No definition found"
"abstrusenephrolith","No definition found"
"abundancecalamitous","No definition found"
"acade","No definition found"
"academese","No definition found"
"acadians","No definition found"
"accompli","No definition found"
"accordatura","No definition found"
"accordaturacavalletti","No definition found"
"aceituna","No definition found"
"acequia","No definition found"
"acerola","No definition found"
"achernar","No definition found"
"achilles","No definition found"
"acicula","No definition found"
"acoel","No definition found"
"acquitcapnometer","No definition found"
"acral","No definition found"
"acrogeria","No definition found"
"acropachy","No definition found"
"addledifficulty","No definition found"
"adelaide","No definition found"
"adirondack","No definition found"
"adjudicatecaricature","No definition found"
"adjugate","No definition found"
"adsum","No definition found"
"adversaria","No definition found"
"advertizement","No definition found"
"advocatory","No definition found"
"advocatoryaerobics","No definition found"
"aegilops","No definition found"
"aerocele","No definition found"
"aerophilatelic","No definition found"
"aesir","No definition found"
"aesopian","No definition found"
"aeterno","No definition found"
"aethalium","No definition found"
"aethaliumaffiche","No definition found"
"affeer","No definition found"
"affiche","No definition found"
"afficionado","No definition found"
"affiliateaffluent","No definition found"
"afghanistan","No definition found"
"africa","No definition found"
"afroth","No definition found"
"agalma","No definition found"
"agelicism","No definition found"
"ageusia","No definition found"
"aggrandizement","No definition found"
"aglaia","No definition found"
"aglossal","No definition found"
"agnesi","No definition found"
"agrypnia","No definition found"
"agrypniaague","No definition found"
"ahuatle","No definition found"
"ahuehuete","No definition found"
"ahura","No definition found"
"ailette","No definition found"
"aistopod","No definition found"
"aitutakian","No definition found"
"aiuy","No definition found"
"ajimez","No definition found"
"akaryote","No definition found"
"akkum","No definition found"
"alai","No definition found"
"albertadifficulty","No definition found"
"albion","No definition found"
"albuquerque","No definition found"
"alcarraza","No definition found"
"alcarrazadifficulty","No definition found"
"alembroth","No definition found"
"alexandria","No definition found"
"algiers","No definition found"
"alhambra","No definition found"
"alleluiatic","No definition found"
"allergenic","No definition found"
"allocable","No definition found"
"allochroous","No definition found"
"allonym","No definition found"
"alluvialalma","No definition found"
"alma","No definition found"
"almuerzo","No definition found"
"alouatte","No definition found"
"alpestrine","No definition found"
"ambrosial","No definition found"
"america","No definition found"
"american","No definition found"
"americana","No definition found"
"americanaamiably","No definition found"
"americanamonopolize","No definition found"
"amertoy","No definition found"
"amidcathect","No definition found"
"amil","No definition found"
"amish","No definition found"
"amishamnesty","No definition found"
"amphistylar","No definition found"
"amusedpouch","No definition found"
"anabathmoi","No definition found"
"anabolicjimberjawed","No definition found"
"anaglyphy","No definition found"
"analepsisanalgesia","No definition found"
"ananya","No definition found"
"ancien","No definition found"
"andalusian","No definition found"
"andeanscrawled","No definition found"
"angiitis","No definition found"
"angolacontours","No definition found"
"angularconcomitant","No definition found"
"angus","No definition found"
"anicca","No definition found"
"animalier","No definition found"
"animustrillium","No definition found"
"anionic","No definition found"
"aniseikonia","No definition found"
"anjou","No definition found"
"anne","No definition found"
"anno","No definition found"
"annulmentorganized","No definition found"
"anoli","No definition found"
"anomaliped","No definition found"
"anosognosia","No definition found"
"antagonisticaffront","No definition found"
"antenatus","No definition found"
"antigua","No definition found"
"apabhramsa","No definition found"
"apistogramma","No definition found"
"apodyterium","No definition found"
"apophyge","No definition found"
"apostolici","No definition found"
"appetiteluggage","No definition found"
"appetitost","No definition found"
"appraisalparabola","No definition found"
"approbatory","No definition found"
"appropriaterummages","No definition found"
"appui","No definition found"
"april","No definition found"
"apropospessimum","No definition found"
"aqueductorganized","No definition found"
"aquiclude","No definition found"
"aquilineconfucianism","No definition found"
"aquitaine","No definition found"
"arabic","No definition found"
"arachnophagous","No definition found"
"aramaic","No definition found"
"arapaho","No definition found"
"arapahoe","No definition found"
"arcturus","No definition found"
"arden","No definition found"
"ardhamagadhi","No definition found"
"ardipithecus","No definition found"
"ardoise","No definition found"
"ardoiseorganized","No definition found"
"aretalogy","No definition found"
"argyria","No definition found"
"arietta","No definition found"
"aristoi","No definition found"
"arpeggiolupine","No definition found"
"arret","No definition found"
"arrieros","No definition found"
"arteryornithology","No definition found"
"arthurian","No definition found"
"artilleryquotient","No definition found"
"asado","No definition found"
"asgard","No definition found"
"asiagoaspish","No definition found"
"asiatic","No definition found"
"asmanian","No definition found"
"aspish","No definition found"
"assam","No definition found"
"assiduousdiligence","No definition found"
"astaxanthin","No definition found"
"asterion","No definition found"
"astrayliquid","No definition found"
"astur","No definition found"
"asyleeatrabilious","No definition found"
"ataxiapageantry","No definition found"
"aten","No definition found"
"atencatjang","No definition found"
"atheneum","No definition found"
"athletejotted","No definition found"
"atrophyattempt","No definition found"
"aughtsaugment","No definition found"
"australian","No definition found"
"authenticatefiscal","No definition found"
"avalon","No definition found"
"avgolemono","No definition found"
"avversiera","No definition found"
"awryb","No definition found"
"azedarach","No definition found"
"azorestankard","No definition found"
"azotea","No definition found"
"aztec","No definition found"
"azulejoorganized","No definition found"
"baccate","No definition found"
"backgammonintuitable","No definition found"
"bacteriolytic","No definition found"
"badgerbailiff","No definition found"
"bagwyn","No definition found"
"bahamas","No definition found"
"bahr","No definition found"
"bahuvrihi","No definition found"
"bahuvrihipanjandrum","No definition found"
"bailiffinfiltrate","No definition found"
"bailly","No definition found"
"bakeryporridge","No definition found"
"baklawa","No definition found"
"ballabile","No definition found"
"ballotage","No definition found"
"bango","No definition found"
"banh","No definition found"
"bantamapprentice","No definition found"
"barnumesque","No definition found"
"barylambda","No definition found"
"basaltic","No definition found"
"basenji","No definition found"
"basketsbonnet","No definition found"
"batamote","No definition found"
"batson","No definition found"
"baucis","No definition found"
"bauhaus","No definition found"
"bavarese","No definition found"
"bavaria","No definition found"
"bayreuth","No definition found"
"bazar","No definition found"
"bdelloid","No definition found"
"beatboxingmutate","No definition found"
"beatificbeguile","No definition found"
"beauceron","No definition found"
"beaucoupbanal","No definition found"
"beaumontage","No definition found"
"beccafico","No definition found"
"becquereldarnel","No definition found"
"beelzebub","No definition found"
"beethovenian","No definition found"
"beijing","No definition found"
"beix","No definition found"
"belgium","No definition found"
"belgravia","No definition found"
"bellatrix","No definition found"
"benedictinearcane","No definition found"
"bengal","No definition found"
"benin","No definition found"
"beowulf","No definition found"
"berber","No definition found"
"bermudas","No definition found"
"bermudasamusement","No definition found"
"bernoulli","No definition found"
"bessemer","No definition found"
"bethesda","No definition found"
"beurre","No definition found"
"bezier","No definition found"
"bhikshuni","No definition found"
"bhikshunisvarabhakti","No definition found"
"bibliopegist","No definition found"
"bidialectal","No definition found"
"bienvenu","No definition found"
"bienvenue","No definition found"
"bifurcatedrivel","No definition found"
"bijouterie","No definition found"
"bilaterian","No definition found"
"billiardsobstreperous","No definition found"
"billingsgate","No definition found"
"binomialbiomimicry","No definition found"
"binomialdifficulty","No definition found"
"birria","No definition found"
"bisbigliando","No definition found"
"blanche","No definition found"
"blastema","No definition found"
"blastogenesis","No definition found"
"blessingspeacock","No definition found"
"bleu","No definition found"
"blockheap","No definition found"
"bloomsbury","No definition found"
"blottesque","No definition found"
"blottesquebobolink","No definition found"
"blurtedwallet","No definition found"
"boise","No definition found"
"bona","No definition found"
"boniface","No definition found"
"bonoboabrogate","No definition found"
"bordereaux","No definition found"
"bosc","No definition found"
"bossa","No definition found"
"bossiness","No definition found"
"boston","No definition found"
"bowlerphantom","No definition found"
"boycottcalzone","No definition found"
"bozzetto","No definition found"
"brac","No definition found"
"braeburn","No definition found"
"braillevignette","No definition found"
"brandywine","No definition found"
"breadmaking","No definition found"
"breviloquence","No definition found"
"breviloquencenoun","No definition found"
"bric","No definition found"
"brigadoon","No definition found"
"brimless","No definition found"
"briocheadumbrate","No definition found"
"british","No definition found"
"broccolini","No definition found"
"brochureorganized","No definition found"
"brockage","No definition found"
"bromidealgae","No definition found"
"brontophobia","No definition found"
"brooklyn","No definition found"
"brothash","No definition found"
"brouillon","No definition found"
"brucellosiswasteweir","No definition found"
"bruja","No definition found"
"brujaupsilon","No definition found"
"brusk","No definition found"
"btw","No definition found"
"buddhism","No definition found"
"budgereegah","No definition found"
"budgerygah","No definition found"
"buffa","No definition found"
"buffooneryorganized","No definition found"
"bulghur","No definition found"
"bulgogi","No definition found"
"bunsen","No definition found"
"bunyanesque","No definition found"
"bunyanesqueexsect","No definition found"
"burelage","No definition found"
"burgoooccupancy","No definition found"
"burkinabe","No definition found"
"busbyadjective","No definition found"
"bwlalay","No definition found"
"cabeza","No definition found"
"caboodle","No definition found"
"cacaxte","No definition found"
"cachexiaconnoisseur","No definition found"
"cadencelions","No definition found"
"caesious","No definition found"
"cahoots","No definition found"
"calusar","No definition found"
"calvities","No definition found"
"camarillanidicolous","No definition found"
"cambio","No definition found"
"cameist","No definition found"
"camelot","No definition found"
"canada","No definition found"
"canaillecantatrice","No definition found"
"cancion","No definition found"
"cantatrice","No definition found"
"cantonese","No definition found"
"capillarycapnometer","No definition found"
"capnometer","No definition found"
"capotasto","No definition found"
"caprifig","No definition found"
"caracas","No definition found"
"carapacedauerlauf","No definition found"
"carborane","No definition found"
"carlisle","No definition found"
"carmagnole","No definition found"
"carmelite","No definition found"
"carnifices","No definition found"
"carnitine","No definition found"
"carrageenin","No definition found"
"carragheenin","No definition found"
"carrickmacross","No definition found"
"carthusian","No definition found"
"cartoondough","No definition found"
"casimir","No definition found"
"cassandra","No definition found"
"castalia","No definition found"
"castigateveered","No definition found"
"castilian","No definition found"
"catalina","No definition found"
"catalo","No definition found"
"cathect","No definition found"
"catherine","No definition found"
"cathodecatnap","No definition found"
"cathodecattalo","No definition found"
"catjang","No definition found"
"cattalo","No definition found"
"cavalletti","No definition found"
"caveola","No definition found"
"cecidium","No definition found"
"celeryidiosyncratic","No definition found"
"censusstagflation","No definition found"
"centenarymatrimony","No definition found"
"centennialcertiorari","No definition found"
"chanoyu","No definition found"
"chantilly","No definition found"
"chaperonage","No definition found"
"charlotteelation","No definition found"
"charon","No definition found"
"chastisechief","No definition found"
"chastisechortle","No definition found"
"chastushka","No definition found"
"chaucerian","No definition found"
"chauve","No definition found"
"chefuncte","No definition found"
"chelonia","No definition found"
"chemistryquandary","No definition found"
"chernobyl","No definition found"
"cheshire","No definition found"
"chicago","No definition found"
"chicana","No definition found"
"chinese","No definition found"
"choctaws","No definition found"
"chopine","No definition found"
"choucroute","No definition found"
"christopher","No definition found"
"chugggged","No definition found"
"chupacabraacadians","No definition found"
"chupacabradifficulty","No definition found"
"churchianity","No definition found"
"cienega","No definition found"
"ciliopathy","No definition found"
"cincinnati","No definition found"
"cinderella","No definition found"
"cinerariumpolemic","No definition found"
"circuitouscircumflex","No definition found"
"circuitousveracity","No definition found"
"circumspectlythe","No definition found"
"cirrhosisbangalore","No definition found"
"clarinetcapillary","No definition found"
"climateyankee","No definition found"
"clydesdale","No definition found"
"coaxation","No definition found"
"coaxationardoise","No definition found"
"cochin","No definition found"
"cochlear","No definition found"
"cogently","No definition found"
"cohesiveadjectives","No definition found"
"coiffurerepartee","No definition found"
"colcannonnoun","No definition found"
"collegialityinclement","No definition found"
"colloque","No definition found"
"colloqueonychorrhexis","No definition found"
"colluctation","No definition found"
"colporter","No definition found"
"colquitt","No definition found"
"colson","No definition found"
"columbia","No definition found"
"com","No definition found"
"comanchero","No definition found"
"commiserative","No definition found"
"commissionergrande","No definition found"
"commorients","No definition found"
"commove","No definition found"
"competitivelounge","No definition found"
"complacencykraken","No definition found"
"concinnate","No definition found"
"concision","No definition found"
"concours","No definition found"
"condescendingly","No definition found"
"condimentsconference","No definition found"
"conestoga","No definition found"
"confabulation","No definition found"
"congeniality","No definition found"
"conglutinant","No definition found"
"congo","No definition found"
"connemara","No definition found"
"connivery","No definition found"
"consecrateadjective","No definition found"
"constantbalm","No definition found"
"contaminatedmadagascar","No definition found"
"conteur","No definition found"
"conticent","No definition found"
"contrivancecontumelious","No definition found"
"contusionconundrum","No definition found"
"convivium","No definition found"
"copenhagen","No definition found"
"coptic","No definition found"
"coqui","No definition found"
"coquiwith","No definition found"
"corda","No definition found"
"cordaunchristened","No definition found"
"cordillerazazen","No definition found"
"cornily","No definition found"
"cornilycontraction","No definition found"
"couverturecreances","No definition found"
"coverley","No definition found"
"creelboniface","No definition found"
"crescive","No definition found"
"cribble","No definition found"
"crith","No definition found"
"critturs","No definition found"
"crockerygauze","No definition found"
"crokinole","No definition found"
"crookedly","No definition found"
"croquembouche","No definition found"
"croquignole","No definition found"
"cryptozoa","No definition found"
"cul","No definition found"
"curiecurmudgeon","No definition found"
"currycomb","No definition found"
"curtly","No definition found"
"cushag","No definition found"
"cutiscyanosis","No definition found"
"cyanosisregurgitate","No definition found"
"cyberneticsgarniture","No definition found"
"cynocephali","No definition found"
"daguerreotypeyakitori","No definition found"
"daliesque","No definition found"
"danseur","No definition found"
"danta","No definition found"
"daoism","No definition found"
"darjeeling","No definition found"
"darjeelingrecusancy","No definition found"
"daubster","No definition found"
"dauntlessly","No definition found"
"deathin","No definition found"
"debita","No definition found"
"debitum","No definition found"
"decastich","No definition found"
"deceitfulcinderella","No definition found"
"deceleron","No definition found"
"december","No definition found"
"dechlorinate","No definition found"
"decumbiture","No definition found"
"decumbituremultivalent","No definition found"
"decurion","No definition found"
"deficienciesincarnated","No definition found"
"deglaciationrecruit","No definition found"
"deimos","No definition found"
"delmarva","No definition found"
"deltoidal","No definition found"
"demolitiongargantuan","No definition found"
"denouncement","No definition found"
"depredationignominious","No definition found"
"derelictderisive","No definition found"
"derring","No definition found"
"deseret","No definition found"
"designerleisure","No definition found"
"desultorily","No definition found"
"dev","No definition found"
"devanagari","No definition found"
"devastavit","No definition found"
"dghaisa","No definition found"
"diablo","No definition found"
"diana","No definition found"
"diatonicwith","No definition found"
"diaulos","No definition found"
"dillydally","No definition found"
"dimorphism","No definition found"
"dinero","No definition found"
"disasternoun","No definition found"
"disciform","No definition found"
"disneyfication","No definition found"
"dispositionremonstrance","No definition found"
"disturbancewily","No definition found"
"divanbadminton","No definition found"
"divvyfatuously","No definition found"
"diy","No definition found"
"djibouti","No definition found"
"dlailmnr","No definition found"
"dodeseret","No definition found"
"doesn","No definition found"
"dogana","No definition found"
"dollbill","No definition found"
"donatee","No definition found"
"doorjamb","No definition found"
"doppler","No definition found"
"dorking","No definition found"
"douloureux","No definition found"
"dowdycorkscrew","No definition found"
"downcastjubilant","No definition found"
"draegerman","No definition found"
"drahthaar","No definition found"
"dreikanter","No definition found"
"drewdifficulty","No definition found"
"driveljettison","No definition found"
"dromic","No definition found"
"dropsonde","No definition found"
"drupiferous","No definition found"
"dubhe","No definition found"
"dubitante","No definition found"
"dubuque","No definition found"
"duchypagoda","No definition found"
"duckling","No definition found"
"duddy","No definition found"
"dudley","No definition found"
"dulcinea","No definition found"
"dunk","No definition found"
"dunkin","No definition found"
"durango","No definition found"
"durham","No definition found"
"dvandva","No definition found"
"dvorak","No definition found"
"dysphasiae","No definition found"
"dystopiae","No definition found"
"eburnean","No definition found"
"ecstaticcinnamon","No definition found"
"ection","No definition found"
"ectoplasmolfactory","No definition found"
"ecuador","No definition found"
"edinburgh","No definition found"
"educand","No definition found"
"edwardian","No definition found"
"effluxfrugivore","No definition found"
"effortlesseighth","No definition found"
"effraction","No definition found"
"effusiveprimitive","No definition found"
"egeria","No definition found"
"egressgeocaching","No definition found"
"egucigalpa","No definition found"
"egyptian","No definition found"
"einstein","No definition found"
"elaborative","No definition found"
"elderlyamigo","No definition found"
"elicitation","No definition found"
"eluateheterophony","No definition found"
"emanant","No definition found"
"emancipatory","No definition found"
"embroglio","No definition found"
"eminentdemographics","No definition found"
"emotionsword","No definition found"
"emulsifylorikeet","No definition found"
"enal","No definition found"
"encarnadine","No definition found"
"encarnadinedulcinea","No definition found"
"encina","No definition found"
"endogenousbeefalo","No definition found"
"enoch","No definition found"
"enoptromancy","No definition found"
"ensnarement","No definition found"
"eoaoadldrbl","No definition found"
"epicureanepidermis","No definition found"
"epideicticembolus","No definition found"
"epinicion","No definition found"
"episodeconfection","No definition found"
"epixylous","No definition found"
"equanimitythermos","No definition found"
"equatoguinean","No definition found"
"erewhonian","No definition found"
"ergatogyne","No definition found"
"ergoexistential","No definition found"
"erin","No definition found"
"eris","No definition found"
"erlenmeyer","No definition found"
"erre","No definition found"
"ersion","No definition found"
"erythroblastesau","No definition found"
"esau","No definition found"
"escalatorimpasto","No definition found"
"escheator","No definition found"
"esclandre","No definition found"
"espaliercreances","No definition found"
"espn","No definition found"
"establishmentruminate","No definition found"
"estampies","No definition found"
"esteemdifficulty","No definition found"
"esteemknack","No definition found"
"estrepe","No definition found"
"ethyleneflaneur","No definition found"
"etruscan","No definition found"
"eucrasia","No definition found"
"euphrates","No definition found"
"euripus","No definition found"
"euroclydon","No definition found"
"europe","No definition found"
"european","No definition found"
"eustress","No definition found"
"eutonic","No definition found"
"evactor","No definition found"
"evanescent","No definition found"
"evaporationbittern","No definition found"
"everglades","No definition found"
"every","No definition found"
"evo","No definition found"
"exas","No definition found"
"exaugural","No definition found"
"exchequerf","No definition found"
"exiguousexodus","No definition found"
"expatiatexerogel","No definition found"
"expugnable","No definition found"
"exsect","No definition found"
"extinctextinguish","No definition found"
"extrorsef","No definition found"
"facto","No definition found"
"facundity","No definition found"
"fadeaway","No definition found"
"fadeawayfallacy","No definition found"
"faipule","No definition found"
"faire","No definition found"
"fairesbrinz","No definition found"
"fait","No definition found"
"faminelinoleum","No definition found"
"farsi","No definition found"
"fastuous","No definition found"
"fata","No definition found"
"fatimid","No definition found"
"fatshedera","No definition found"
"fatuously","No definition found"
"fauchard","No definition found"
"fbi","No definition found"
"featherbrained","No definition found"
"feintedhumus","No definition found"
"feldenkrais","No definition found"
"feldenkraisbailiwick","No definition found"
"fellaheen","No definition found"
"fenster","No definition found"
"fensterfiat","No definition found"
"fermat","No definition found"
"fervorous","No definition found"
"fetticus","No definition found"
"ficusagelicism","No definition found"
"fide","No definition found"
"fiduciaryadjective","No definition found"
"fiendishly","No definition found"
"filar","No definition found"
"fineday","No definition found"
"firbolg","No definition found"
"firenze","No definition found"
"fjeld","No definition found"
"flashbackquonk","No definition found"
"flavedo","No definition found"
"flaxentriplicate","No definition found"
"fleeciness","No definition found"
"fleetness","No definition found"
"flexibleskeleton","No definition found"
"flipperling","No definition found"
"flittern","No definition found"
"flooey","No definition found"
"floridly","No definition found"
"floruitbunyanesque","No definition found"
"flotus","No definition found"
"flotusfluoride","No definition found"
"flummix","No definition found"
"flummux","No definition found"
"focacciapahoehoe","No definition found"
"foleysyzygy","No definition found"
"forbivorous","No definition found"
"forestallment","No definition found"
"forgeable","No definition found"
"forgetrare","No definition found"
"fortificationnoun","No definition found"
"fortran","No definition found"
"forza","No definition found"
"foudroyant","No definition found"
"foxes","No definition found"
"franca","No definition found"
"francatriforium","No definition found"
"france","No definition found"
"franciscan","No definition found"
"fratority","No definition found"
"freezescorch","No definition found"
"freneticism","No definition found"
"fribourg","No definition found"
"frison","No definition found"
"frockcamcorder","No definition found"
"froufroudifficulty","No definition found"
"fructiferous","No definition found"
"frutti","No definition found"
"frutticantor","No definition found"
"fuddy","No definition found"
"fumatorium","No definition found"
"funori","No definition found"
"furanmanu","No definition found"
"furneaux","No definition found"
"furnitureambush","No definition found"
"gabarit","No definition found"
"gabbroplural","No definition found"
"gabdifficulty","No definition found"
"gaels","No definition found"
"gaetana","No definition found"
"gagaku","No definition found"
"gaia","No definition found"
"gajula","No definition found"
"galahad","No definition found"
"galahadgalatea","No definition found"
"galapago","No definition found"
"galapagogallic","No definition found"
"galatea","No definition found"
"gallivat","No definition found"
"gallivatcharcuterie","No definition found"
"gandhasri","No definition found"
"ganges","No definition found"
"gardenesque","No definition found"
"garnituretwilight","No definition found"
"garou","No definition found"
"gasiform","No definition found"
"gaspesian","No definition found"
"gasthaus","No definition found"
"gattine","No definition found"
"gaudery","No definition found"
"gaul","No definition found"
"gautam","No definition found"
"gaylord","No definition found"
"gazoz","No definition found"
"gchange","No definition found"
"geatish","No definition found"
"geiger","No definition found"
"gelilah","No definition found"
"gemini","No definition found"
"genoise","No definition found"
"gentilitial","No definition found"
"genuflectcinerarium","No definition found"
"geopoliticsbroached","No definition found"
"gerbilles","No definition found"
"germanenoun","No definition found"
"germany","No definition found"
"gerundial","No definition found"
"gesellschaft","No definition found"
"ghana","No definition found"
"giallolino","No definition found"
"giddily","No definition found"
"gilgamesh","No definition found"
"gimbaled","No definition found"
"gimballed","No definition found"
"gippsland","No definition found"
"gistgizzard","No definition found"
"giza","No definition found"
"gladness","No definition found"
"glareous","No definition found"
"glaswegian","No definition found"
"glaucomatous","No definition found"
"glengarry","No definition found"
"glengarrycommissioner","No definition found"
"gliriform","No definition found"
"glossopetrae","No definition found"
"glowquick","No definition found"
"glumly","No definition found"
"glyceraldehyde","No definition found"
"goji","No definition found"
"goliath","No definition found"
"gondwana","No definition found"
"goodnik","No definition found"
"goondie","No definition found"
"gothamite","No definition found"
"grande","No definition found"
"grandeurgraphologist","No definition found"
"grandeurottoman","No definition found"
"grandi","No definition found"
"grandiloquentarmature","No definition found"
"grandrelle","No definition found"
"graphologist","No definition found"
"gratingly","No definition found"
"grazioso","No definition found"
"grecque","No definition found"
"greetingdifficulty","No definition found"
"gregorian","No definition found"
"gressorial","No definition found"
"grewsome","No definition found"
"griefful","No definition found"
"griffonage","No definition found"
"grimthorpe","No definition found"
"grisonphulkari","No definition found"
"grobian","No definition found"
"groenendael","No definition found"
"grotesqueness","No definition found"
"grousegubernatorial","No definition found"
"grouth","No definition found"
"grudginglycanopy","No definition found"
"grueldifficulty","No definition found"
"gruelgroom","No definition found"
"guam","No definition found"
"guapena","No definition found"
"guarnerius","No definition found"
"guerite","No definition found"
"gueritegallivat","No definition found"
"gueule","No definition found"
"guichet","No definition found"
"guidonian","No definition found"
"gung","No definition found"
"gurdy","No definition found"
"gurmukhi","No definition found"
"gurmukhigyascutus","No definition found"
"gurneysanctimonious","No definition found"
"gushedchina","No definition found"
"gyascutus","No definition found"
"gyascutusgyokuro","No definition found"
"gyokuro","No definition found"
"habeas","No definition found"
"haggisdolce","No definition found"
"haitian","No definition found"
"halalah","No definition found"
"halifax","No definition found"
"halifaxhallucinate","No definition found"
"hamtramck","No definition found"
"hangul","No definition found"
"haori","No definition found"
"haplographytchefuncte","No definition found"
"harangueniveau","No definition found"
"hardtackrabid","No definition found"
"hariolation","No definition found"
"harlem","No definition found"
"harrierdifficulty","No definition found"
"hathor","No definition found"
"haupia","No definition found"
"haupiakeplerian","No definition found"
"haute","No definition found"
"hawaiian","No definition found"
"hawok","No definition found"
"heavenlyheiress","No definition found"
"hebrides","No definition found"
"hegirae","No definition found"
"hegiraeanomaliped","No definition found"
"hegiraemoissanite","No definition found"
"hei","No definition found"
"heinousness","No definition found"
"heleoplankton","No definition found"
"heleoplanktonpliant","No definition found"
"helvetia","No definition found"
"hennery","No definition found"
"hennin","No definition found"
"hepatectomy","No definition found"
"hercules","No definition found"
"herodotean","No definition found"
"hesped","No definition found"
"heterochromia","No definition found"
"heterophony","No definition found"
"hibernaculum","No definition found"
"hierurgical","No definition found"
"highlandsdifficulty","No definition found"
"himalayan","No definition found"
"hiortdahlite","No definition found"
"hippocratic","No definition found"
"hippolyta","No definition found"
"hipsterism","No definition found"
"hitchcockian","No definition found"
"hitchcockianhoagies","No definition found"
"hitler","No definition found"
"hoi","No definition found"
"hoity","No definition found"
"hokus","No definition found"
"holobenthic","No definition found"
"holocaustnoun","No definition found"
"homesteader","No definition found"
"homester","No definition found"
"hominem","No definition found"
"homoscedasticity","No definition found"
"honestholler","No definition found"
"honolulu","No definition found"
"honourific","No definition found"
"hoo","No definition found"
"hopppped","No definition found"
"hordeolum","No definition found"
"horologist","No definition found"
"horologistspeleothem","No definition found"
"hostilehowler","No definition found"
"houppelande","No definition found"
"howard","No definition found"
"hsaing","No definition found"
"hsia","No definition found"
"huallaga","No definition found"
"huapango","No definition found"
"huerta","No definition found"
"hugh","No definition found"
"huguenot","No definition found"
"huipil","No definition found"
"humboldt","No definition found"
"hungary","No definition found"
"hurdy","No definition found"
"hydrargyrum","No definition found"
"hydriotaphia","No definition found"
"hydriotaphiahydrocortisone","No definition found"
"hyperion","No definition found"
"hypogeous","No definition found"
"hysteron","No definition found"
"iberian","No definition found"
"ibidem","No definition found"
"icarian","No definition found"
"icelandic","No definition found"
"iceni","No definition found"
"ichthyologyicosahedron","No definition found"
"illinois","No definition found"
"imaret","No definition found"
"immie","No definition found"
"immiscibletoroidal","No definition found"
"impastoantagonistic","No definition found"
"impeachable","No definition found"
"implicativesostenuto","No definition found"
"imponderabilia","No definition found"
"imprecatory","No definition found"
"impromptuincinerate","No definition found"
"incarnadineor","No definition found"
"incisiform","No definition found"
"incitive","No definition found"
"incunabulacordillera","No definition found"
"india","No definition found"
"indolentdocumentary","No definition found"
"inducementdid","No definition found"
"inerrancy","No definition found"
"inglenookefflux","No definition found"
"instagram","No definition found"
"intonaco","No definition found"
"intransigeant","No definition found"
"intuitable","No definition found"
"inu","No definition found"
"inugsuk","No definition found"
"inuit","No definition found"
"inuk","No definition found"
"ipso","No definition found"
"iran","No definition found"
"ireland","No definition found"
"irish","No definition found"
"iroquois","No definition found"
"isaac","No definition found"
"isagoge","No definition found"
"ishihara","No definition found"
"islamic","No definition found"
"isn","No definition found"
"italian","No definition found"
"italians","No definition found"
"italicization","No definition found"
"italy","No definition found"
"ited","No definition found"
"jacobean","No definition found"
"jacques","No definition found"
"jactance","No definition found"
"jahiliya","No definition found"
"jai","No definition found"
"jaimaica","No definition found"
"jains","No definition found"
"jamaica","No definition found"
"jambalayajarl","No definition found"
"jambe","No definition found"
"jamestown","No definition found"
"janthina","No definition found"
"january","No definition found"
"japanese","No definition found"
"jasmone","No definition found"
"javas","No definition found"
"jeepney","No definition found"
"jesuit","No definition found"
"jibboom","No definition found"
"jicarilla","No definition found"
"jiggery","No definition found"
"jimberjawed","No definition found"
"jingoismjitney","No definition found"
"jitterbugkennel","No definition found"
"joaquin","No definition found"
"jocote","No definition found"
"jocularity","No definition found"
"jody","No definition found"
"joie","No definition found"
"joropo","No definition found"
"jour","No definition found"
"jubilantdifficulty","No definition found"
"judaism","No definition found"
"julius","No definition found"
"july","No definition found"
"jumada","No definition found"
"june","No definition found"
"jungian","No definition found"
"jurassic","No definition found"
"jurassicmyoglobin","No definition found"
"justaucorps","No definition found"
"jutia","No definition found"
"kalopanax","No definition found"
"kannada","No definition found"
"kapparah","No definition found"
"kathakalinoun","No definition found"
"kaur","No definition found"
"kenningnoun","No definition found"
"kentledge","No definition found"
"kerala","No definition found"
"kerneltawny","No definition found"
"kerril","No definition found"
"keynesian","No definition found"
"kibbitzer","No definition found"
"kibitzer","No definition found"
"kichel","No definition found"
"kildare","No definition found"
"kilnwebisode","No definition found"
"kiltwhirlybird","No definition found"
"kimcheemenorahs","No definition found"
"kingston","No definition found"
"kippur","No definition found"
"kipuka","No definition found"
"kitchendifficulty","No definition found"
"kites","No definition found"
"kitksan","No definition found"
"kjeldahl","No definition found"
"klippe","No definition found"
"klutzenvoy","No definition found"
"kmleerac","No definition found"
"kodakdifficulty","No definition found"
"kodali","No definition found"
"kodiak","No definition found"
"koh","No definition found"
"korea","No definition found"
"korrigan","No definition found"
"krausen","No definition found"
"kreteloi","No definition found"
"krewekriegspiel","No definition found"
"kufi","No definition found"
"kuiper","No definition found"
"kung","No definition found"
"kutani","No definition found"
"kuwait","No definition found"
"kwon","No definition found"
"kyphoplasty","No definition found"
"kyphoplastyaten","No definition found"
"labroid","No definition found"
"lachsschinken","No definition found"
"laff","No definition found"
"lambently","No definition found"
"lambentlyadjective","No definition found"
"landlinesparrow","No definition found"
"langrage","No definition found"
"languorouslanolated","No definition found"
"lanolated","No definition found"
"lanternmince","No definition found"
"lapidarycachexia","No definition found"
"largesses","No definition found"
"larnax","No definition found"
"lascaux","No definition found"
"lassoo","No definition found"
"latencyepitaphs","No definition found"
"laterigrade","No definition found"
"laterigradehyssop","No definition found"
"latigo","No definition found"
"latin","No definition found"
"latinxua","No definition found"
"laude","No definition found"
"laudeevo","No definition found"
"laulau","No definition found"
"lawmusic","No definition found"
"leanderpneumonia","No definition found"
"leberwurst","No definition found"
"leewardhurly","No definition found"
"lefse","No definition found"
"legerity","No definition found"
"legerityvatican","No definition found"
"leisureleotard","No definition found"
"lemniscus","No definition found"
"libris","No definition found"
"lierre","No definition found"
"ligas","No definition found"
"limburger","No definition found"
"limicolous","No definition found"
"limpa","No definition found"
"limpidsyllabus","No definition found"
"lincoln","No definition found"
"lingua","No definition found"
"linsey","No definition found"
"listlessly","No definition found"
"listsevery","No definition found"
"listspage","No definition found"
"lisztian","No definition found"
"literacydifficulty","No definition found"
"lithophone","No definition found"
"lithuania","No definition found"
"lives","No definition found"
"llullaillaco","No definition found"
"logodaedaly","No definition found"
"logographic","No definition found"
"logographicarmistice","No definition found"
"logothete","No definition found"
"lokelani","No definition found"
"london","No definition found"
"look","No definition found"
"lorikeetnoun","No definition found"
"louisiana","No definition found"
"louisville","No definition found"
"lousicide","No definition found"
"luddite","No definition found"
"luftmensch","No definition found"
"lumenluthier","No definition found"
"lunulaem","No definition found"
"lupercalia","No definition found"
"lupercaliam","No definition found"
"lutheran","No definition found"
"lutrine","No definition found"
"macao","No definition found"
"macaroonbrazenness","No definition found"
"macau","No definition found"
"macedonia","No definition found"
"macigno","No definition found"
"macropterous","No definition found"
"madagascar","No definition found"
"magellan","No definition found"
"majeure","No definition found"
"makgadikgadi","No definition found"
"mambomanacle","No definition found"
"mamushi","No definition found"
"mandelbrot","No definition found"
"manipulable","No definition found"
"mano","No definition found"
"manu","No definition found"
"manualthe","No definition found"
"marathi","No definition found"
"maringouin","No definition found"
"marionetteneapolitan","No definition found"
"mariposa","No definition found"
"marsupialtrefoil","No definition found"
"martinoe","No definition found"
"maryland","No definition found"
"masse","No definition found"
"massestroganoff","No definition found"
"maternitybungee","No definition found"
"matterhorn","No definition found"
"mazda","No definition found"
"mccoy","No definition found"
"mcintosh","No definition found"
"mcmansion","No definition found"
"mea","No definition found"
"mecca","No definition found"
"medias","No definition found"
"medici","No definition found"
"mediobrome","No definition found"
"mediterranean","No definition found"
"megacephalic","No definition found"
"megahertzgnash","No definition found"
"mele","No definition found"
"melismatic","No definition found"
"mell","No definition found"
"mellifluousclemency","No definition found"
"meltedmembership","No definition found"
"menaia","No definition found"
"meningitismephitic","No definition found"
"merak","No definition found"
"merfolk","No definition found"
"merriam","No definition found"
"merrimack","No definition found"
"mesopotamian","No definition found"
"metonic","No definition found"
"mexico","No definition found"
"micellar","No definition found"
"michaelmas","No definition found"
"michel","No definition found"
"michigander","No definition found"
"microwavegabled","No definition found"
"mididifficulty","No definition found"
"midriffteaspoon","No definition found"
"millegrain","No definition found"
"millisecondmillivolt","No definition found"
"millivoltherringbone","No definition found"
"mimeticunabated","No definition found"
"minestra","No definition found"
"minette","No definition found"
"minimus","No definition found"
"ministrationsracketeer","No definition found"
"minnesota","No definition found"
"minotaur","No definition found"
"miombo","No definition found"
"mirach","No definition found"
"miranda","No definition found"
"mischievousbionic","No definition found"
"misericordes","No definition found"
"mitigative","No definition found"
"mitty","No definition found"
"mochi","No definition found"
"moines","No definition found"
"moira","No definition found"
"moissanite","No definition found"
"moleculemonopolize","No definition found"
"monday","No definition found"
"monochromefacade","No definition found"
"monstrositysofa","No definition found"
"monture","No definition found"
"mooc","No definition found"
"morgana","No definition found"
"moribundrecriminatory","No definition found"
"morionmortadella","No definition found"
"moroccan","No definition found"
"mortadellamotherumbung","No definition found"
"mosquitotarget","No definition found"
"mostaccioli","No definition found"
"motherumbung","No definition found"
"motrin","No definition found"
"moulage","No definition found"
"mountebankallelopathy","No definition found"
"mouthfilters","No definition found"
"movimento","No definition found"
"muchacha","No definition found"
"mugwumpdollars","No definition found"
"mulliganmunich","No definition found"
"mullioned","No definition found"
"mumbai","No definition found"
"munich","No definition found"
"mustardcruel","No definition found"
"mythicaln","No definition found"
"nabal","No definition found"
"nahcolite","No definition found"
"naissantadieu","No definition found"
"namibian","No definition found"
"naranjilla","No definition found"
"naricorn","No definition found"
"narwal","No definition found"
"nas","No definition found"
"nasdaq","No definition found"
"nattily","No definition found"
"naugahyde","No definition found"
"naumachia","No definition found"
"nauseam","No definition found"
"navaho","No definition found"
"navajo","No definition found"
"neapolitan","No definition found"
"necrotic","No definition found"
"neonbeeswax","No definition found"
"neoterism","No definition found"
"nepal","No definition found"
"nephrolith","No definition found"
"neptune","No definition found"
"ner","No definition found"
"nervily","No definition found"
"nescience","No definition found"
"netflix","No definition found"
"nethinim","No definition found"
"neuhauser","No definition found"
"neuropathynoun","No definition found"
"neuroticism","No definition found"
"newbienirvana","No definition found"
"newfoundland","No definition found"
"newfoundlandfulminate","No definition found"
"niagara","No definition found"
"nicoise","No definition found"
"niger","No definition found"
"nigeria","No definition found"
"nile","No definition found"
"niminy","No definition found"
"nisi","No definition found"
"nisse","No definition found"
"nisus","No definition found"
"nitratejoinery","No definition found"
"niveau","No definition found"
"niveaurouille","No definition found"
"nocive","No definition found"
"nockerl","No definition found"
"nodosity","No definition found"
"nomancy","No definition found"
"nomophobia","No definition found"
"noor","No definition found"
"nostradame","No definition found"
"nostradamus","No definition found"
"nostrilsthe","No definition found"
"notturno","No definition found"
"novanglian","No definition found"
"novemdecillion","No definition found"
"nubilous","No definition found"
"nuce","No definition found"
"nuciform","No definition found"
"nullius","No definition found"
"nulliusnoun","No definition found"
"nuzzer","No definition found"
"nyctinasty","No definition found"
"nymphal","No definition found"
"oaxaca","No definition found"
"obediential","No definition found"
"obeisant","No definition found"
"obeisantoeuvre","No definition found"
"objet","No definition found"
"obligeviscount","No definition found"
"obliviscence","No definition found"
"obnebulate","No definition found"
"obviouspulse","No definition found"
"occultation","No definition found"
"oceanian","No definition found"
"oceaniancharitable","No definition found"
"ocelotonyx","No definition found"
"octo","No definition found"
"october","No definition found"
"octochamps","No definition found"
"octonocular","No definition found"
"octonocularoctuplicate","No definition found"
"octuplicate","No definition found"
"odin","No definition found"
"odlcceroi","No definition found"
"odontiasis","No definition found"
"odysseus","No definition found"
"oebe","No definition found"
"oeil","No definition found"
"offhandedly","No definition found"
"ogival","No definition found"
"ogivalnoun","No definition found"
"ohio","No definition found"
"ojibwa","No definition found"
"okefenokee","No definition found"
"oleiculture","No definition found"
"olympics","No definition found"
"oman","No definition found"
"omnilegent","No definition found"
"onychitis","No definition found"
"onychorrhexis","No definition found"
"oopuhue","No definition found"
"oort","No definition found"
"opalescence","No definition found"
"opponency","No definition found"
"ords","No definition found"
"oregon","No definition found"
"orinoco","No definition found"
"orion","No definition found"
"orsay","No definition found"
"orwellian","No definition found"
"oscitation","No definition found"
"osculatory","No definition found"
"osloite","No definition found"
"ostensiblyosteopath","No definition found"
"osteopath","No definition found"
"osteson","No definition found"
"otacoustic","No definition found"
"otherbedroom","No definition found"
"ouagadougou","No definition found"
"owlishly","No definition found"
"oxalismyeloma","No definition found"
"ozonenoun","No definition found"
"padhy","No definition found"
"paillard","No definition found"
"pakistan","No definition found"
"palamino","No definition found"
"palatialpallor","No definition found"
"palookapannose","No definition found"
"pampootie","No definition found"
"panagia","No definition found"
"panama","No definition found"
"panary","No definition found"
"panathenaea","No definition found"
"panchen","No definition found"
"panchreston","No definition found"
"panjandrumcatachresis","No definition found"
"pannose","No definition found"
"panoramagimmick","No definition found"
"pao","No definition found"
"papeterie","No definition found"
"parabolaparameters","No definition found"
"paraffinvigneron","No definition found"
"parallax","No definition found"
"paramahamsa","No definition found"
"pareidolia","No definition found"
"parenthetic","No definition found"
"parishionerastrologers","No definition found"
"parmentier","No definition found"
"parodic","No definition found"
"parquetit","No definition found"
"parquetparterre","No definition found"
"parroting","No definition found"
"parsleydifficulty","No definition found"
"parti","No definition found"
"parvo","No definition found"
"pashminautilitarian","No definition found"
"pasilla","No definition found"
"pastitsio","No definition found"
"patagonia","No definition found"
"patripassianism","No definition found"
"patronymicodometer","No definition found"
"patterndifficulty","No definition found"
"pauperepoch","No definition found"
"pei","No definition found"
"pejerrey","No definition found"
"pejorate","No definition found"
"pelagial","No definition found"
"pelagialpelerine","No definition found"
"pell","No definition found"
"pembroke","No definition found"
"pendeloque","No definition found"
"penelope","No definition found"
"peplus","No definition found"
"pepysian","No definition found"
"perciatelli","No definition found"
"perdue","No definition found"
"peremptoryinfarction","No definition found"
"periodontist","No definition found"
"perpendicularity","No definition found"
"persia","No definition found"
"persian","No definition found"
"perspicaciousadjective","No definition found"
"persuasible","No definition found"
"pertinacity","No definition found"
"peru","No definition found"
"pessimum","No definition found"
"pgames","No definition found"
"pharaohopponency","No definition found"
"pharmacyfondant","No definition found"
"phil","No definition found"
"philharmonicendorphin","No definition found"
"philopatry","No definition found"
"philos","No definition found"
"phobos","No definition found"
"phoneticianmacular","No definition found"
"phosphorescent","No definition found"
"phylumdifficulty","No definition found"
"physicalpunily","No definition found"
"phytophilous","No definition found"
"piatti","No definition found"
"piccata","No definition found"
"pierre","No definition found"
"pigmentosa","No definition found"
"pilferer","No definition found"
"pillor","No definition found"
"piloncillo","No definition found"
"pilosity","No definition found"
"pilotage","No definition found"
"piminy","No definition found"
"pinkerton","No definition found"
"pinyondysfunctional","No definition found"
"piousadjective","No definition found"
"piperhear","No definition found"
"piraeus","No definition found"
"piratical","No definition found"
"pisces","No definition found"
"pisin","No definition found"
"pitanga","No definition found"
"plaaac","No definition found"
"placque","No definition found"
"plangency","No definition found"
"planogram","No definition found"
"plantagenet","No definition found"
"pleiades","No definition found"
"plodddded","No definition found"
"plumassier","No definition found"
"plutonomy","No definition found"
"pneumatocyst","No definition found"
"pochoir","No definition found"
"pocus","No definition found"
"podotheca","No definition found"
"podsnappery","No definition found"
"poika","No definition found"
"pokery","No definition found"
"pokerysobersides","No definition found"
"pokus","No definition found"
"politeia","No definition found"
"politickpollutant","No definition found"
"polloi","No definition found"
"polyesteranoint","No definition found"
"polygenous","No definition found"
"pomato","No definition found"
"pompeii","No definition found"
"pompey","No definition found"
"pompous","No definition found"
"ponzi","No definition found"
"popocatepetl","No definition found"
"porcelaindeglaciation","No definition found"
"porosity","No definition found"
"portmanteaucoaxation","No definition found"
"portraitpraise","No definition found"
"portugais","No definition found"
"porwigle","No definition found"
"postdiction","No definition found"
"posteriori","No definition found"
"posterityposthumous","No definition found"
"postponewafer","No definition found"
"postural","No definition found"
"potentatepotoroo","No definition found"
"pothos","No definition found"
"pothospolysyllabic","No definition found"
"potwalloper","No definition found"
"pou","No definition found"
"poudre","No definition found"
"pralltrillerpratique","No definition found"
"premonitionprevious","No definition found"
"presencesizzle","No definition found"
"prespinous","No definition found"
"preternaturally","No definition found"
"prima","No definition found"
"primatologist","No definition found"
"princeps","No definition found"
"princepsprocurement","No definition found"
"pris","No definition found"
"privatim","No definition found"
"prodigiousprofligacy","No definition found"
"prolusory","No definition found"
"promethean","No definition found"
"promyshlennik","No definition found"
"pronaoscraquelure","No definition found"
"proneselfie","No definition found"
"pronouncer","No definition found"
"prophetically","No definition found"
"propinquityepidermis","No definition found"
"propitiousellipsis","No definition found"
"propre","No definition found"
"propreamphistylar","No definition found"
"prosceniumpolitesse","No definition found"
"proselytiser","No definition found"
"proselytizer","No definition found"
"proteron","No definition found"
"proviant","No definition found"
"pruners","No definition found"
"psamm","No definition found"
"psammophile","No definition found"
"pschent","No definition found"
"ptyxis","No definition found"
"puchero","No definition found"
"pudibund","No definition found"
"puerilely","No definition found"
"puerto","No definition found"
"pugilistpugnacious","No definition found"
"pulitzer","No definition found"
"pulvillus","No definition found"
"punctuationdifficulty","No definition found"
"punily","No definition found"
"puniness","No definition found"
"purificationplantain","No definition found"
"puzzlespage","No definition found"
"pythagorean","No definition found"
"qiyas","No definition found"
"quantifyredemption","No definition found"
"quaoar","No definition found"
"quasimodo","No definition found"
"questionaire","No definition found"
"quinaryafroth","No definition found"
"quito","No definition found"
"quo","No definition found"
"quoi","No definition found"
"quoijerboa","No definition found"
"quonk","No definition found"
"quonset","No definition found"
"quoties","No definition found"
"railleur","No definition found"
"rajpramukh","No definition found"
"ramadan","No definition found"
"ramadhanthe","No definition found"
"rambla","No definition found"
"rambunctiousingenuous","No definition found"
"rambunctiousnoun","No definition found"
"ramificationstemerity","No definition found"
"ramson","No definition found"
"ranine","No definition found"
"raptatorial","No definition found"
"rascal","No definition found"
"rasorial","No definition found"
"rastafarian","No definition found"
"rayleigh","No definition found"
"reboation","No definition found"
"rebuffrecanted","No definition found"
"recamier","No definition found"
"reciprocityarchaic","No definition found"
"recrudescent","No definition found"
"recruittableau","No definition found"
"recusancy","No definition found"
"referralaerials","No definition found"
"refugiumremuda","No definition found"
"reigndifficulty","No definition found"
"reimbursable","No definition found"
"reiterateremorseful","No definition found"
"rembrandt","No definition found"
"reminiscentmenial","No definition found"
"renitency","No definition found"
"renvoinoun","No definition found"
"repercussionrepository","No definition found"
"repoussage","No definition found"
"rescissible","No definition found"
"rescissiblejungian","No definition found"
"rescissiblereveille","No definition found"
"rescuedifficulty","No definition found"
"reseau","No definition found"
"resinous","No definition found"
"resplendence","No definition found"
"restitutory","No definition found"
"resuscitateapprobatory","No definition found"
"resuscitateretina","No definition found"
"retinoscopy","No definition found"
"retinoscopysepulchral","No definition found"
"retrocedence","No definition found"
"revelationarithmetic","No definition found"
"revendicate","No definition found"
"revoir","No definition found"
"revulsive","No definition found"
"rhabdoid","No definition found"
"rhinorrhagia","No definition found"
"rialto","No definition found"
"richter","No definition found"
"rico","No definition found"
"riffraffrestive","No definition found"
"rigourous","No definition found"
"rigueur","No definition found"
"rinceau","No definition found"
"rishik","No definition found"
"risibility","No definition found"
"risorgimento","No definition found"
"risposta","No definition found"
"ritziness","No definition found"
"robigalia","No definition found"
"rohan","No definition found"
"roi","No definition found"
"romainemigraine","No definition found"
"rome","No definition found"
"romeo","No definition found"
"rond","No definition found"
"rongeur","No definition found"
"rooseveltite","No definition found"
"rorschach","No definition found"
"rotulet","No definition found"
"rouser","No definition found"
"royale","No definition found"
"rst","No definition found"
"rubaiyat","No definition found"
"rubefacient","No definition found"
"rubeus","No definition found"
"ruelle","No definition found"
"runcible","No definition found"
"runesancestors","No definition found"
"rupicolous","No definition found"
"ruscus","No definition found"
"rustication","No definition found"
"ryas","No definition found"
"ryeland","No definition found"
"ryelanddomesticity","No definition found"
"ryukyu","No definition found"
"saccadic","No definition found"
"sacchar","No definition found"
"saccharum","No definition found"
"saeta","No definition found"
"sagittarius","No definition found"
"sahel","No definition found"
"sailage","No definition found"
"sailagesalience","No definition found"
"sais","No definition found"
"sakcharon","No definition found"
"saketh","No definition found"
"salinityanalogize","No definition found"
"salmagundy","No definition found"
"saltatory","No definition found"
"salvador","No definition found"
"salzkammergut","No definition found"
"samhain","No definition found"
"samian","No definition found"
"samoa","No definition found"
"samuel","No definition found"
"sangamon","No definition found"
"sanglier","No definition found"
"sanskrit","No definition found"
"saoshyant","No definition found"
"saoshyanttachyon","No definition found"
"saponaceouscyrillic","No definition found"
"sapporo","No definition found"
"sarkara","No definition found"
"sarmentum","No definition found"
"sashaywe","No definition found"
"saskatoon","No definition found"
"saturday","No definition found"
"saturn","No definition found"
"savoir","No definition found"
"sawan","No definition found"
"sbrinz","No definition found"
"sbrinzkathakali","No definition found"
"scaberulous","No definition found"
"scalpscrapple","No definition found"
"scandinavia","No definition found"
"scenographer","No definition found"
"scentpuzzles","No definition found"
"scentscholarship","No definition found"
"scentverb","No definition found"
"schedar","No definition found"
"scherzoschnecken","No definition found"
"schnecken","No definition found"
"schnell","No definition found"
"schwegel","No definition found"
"sci","No definition found"
"sciolistic","No definition found"
"sclaff","No definition found"
"scobiform","No definition found"
"scornfully","No definition found"
"scramblegames","No definition found"
"screeno","No definition found"
"scribbly","No definition found"
"scripps","No definition found"
"scrooge","No definition found"
"scrumptiously","No definition found"
"searchpuzzles","No definition found"
"segmentate","No definition found"
"seismologist","No definition found"
"senescent","No definition found"
"sennanoun","No definition found"
"senryu","No definition found"
"sententiouscardiopathy","No definition found"
"seperadventure","No definition found"
"september","No definition found"
"sepulchralsangfroid","No definition found"
"seraya","No definition found"
"serrao","No definition found"
"serratedpoblano","No definition found"
"serricorn","No definition found"
"setondemerits","No definition found"
"seul","No definition found"
"sfax","No definition found"
"sget","No definition found"
"shaanxinoun","No definition found"
"shakar","No definition found"
"shamanverb","No definition found"
"shanter","No definition found"
"shar","No definition found"
"shawwal","No definition found"
"shenandoah","No definition found"
"sherifftarry","No definition found"
"shetland","No definition found"
"shhh","No definition found"
"shiba","No definition found"
"shieldtiger","No definition found"
"shouldn","No definition found"
"shrivellimbering","No definition found"
"shruthika","No definition found"
"shui","No definition found"
"shute","No definition found"
"shutterscorner","No definition found"
"sikhism","No definition found"
"silico","No definition found"
"simultaneity","No definition found"
"sinai","No definition found"
"singapore","No definition found"
"singultus","No definition found"
"sinophile","No definition found"
"sinuously","No definition found"
"siotetro","No definition found"
"sioux","No definition found"
"sirius","No definition found"
"sirjana","No definition found"
"sirloindeodorant","No definition found"
"skaamoogs","No definition found"
"skeltonic","No definition found"
"skerricksmriti","No definition found"
"sluggardbedlam","No definition found"
"smellfungus","No definition found"
"smithereenscurator","No definition found"
"smrti","No definition found"
"snsb","No definition found"
"sodaseal","No definition found"
"sohum","No definition found"
"sojourner","No definition found"
"solderinterim","No definition found"
"soleil","No definition found"
"solemnzealous","No definition found"
"solicitsolidity","No definition found"
"solipsist","No definition found"
"solitairedishevel","No definition found"
"solitudeoptician","No definition found"
"solomon","No definition found"
"solon","No definition found"
"solvencysoprano","No definition found"
"somniloquy","No definition found"
"soppiness","No definition found"
"soppinesssousaphone","No definition found"
"sororalepideictic","No definition found"
"sotto","No definition found"
"sourcrout","No definition found"
"souris","No definition found"
"sourisadjective","No definition found"
"sourkrout","No definition found"
"sourly","No definition found"
"spandau","No definition found"
"spanielthemed","No definition found"
"speleothemeuripus","No definition found"
"spellebrity","No definition found"
"spellingacharya","No definition found"
"spellingadage","No definition found"
"spellingadds","No definition found"
"spellingantsy","No definition found"
"spellingapostate","No definition found"
"spellingbee","No definition found"
"spellingboondoggle","No definition found"
"spellingcabaret","No definition found"
"spellingcaffeine","No definition found"
"spellingcleat","No definition found"
"spellingcomestibles","No definition found"
"spellingcomic","No definition found"
"spellingconch","No definition found"
"spellingdifficulty","No definition found"
"spellingequivocate","No definition found"
"spellingeschew","No definition found"
"spellinggibbous","No definition found"
"spellinggradual","No definition found"
"spellinghexagonal","No definition found"
"spellinghypochondria","No definition found"
"spellingingot","No definition found"
"spellingjocularity","No definition found"
"spellingnautilus","No definition found"
"spellingphosphorescent","No definition found"
"spellingpungent","No definition found"
"spellingsoothsayer","No definition found"
"spellingspinosity","No definition found"
"spellingstupa","No definition found"
"spellingthawed","No definition found"
"spelunker","No definition found"
"sphygmometer","No definition found"
"spick","No definition found"
"spiedini","No definition found"
"spinosity","No definition found"
"spiracleformica","No definition found"
"spleenutensils","No definition found"
"sponsalia","No definition found"
"sprechstimme","No definition found"
"sprightliness","No definition found"
"squabblingscuba","No definition found"
"squawl","No definition found"
"squirm","No definition found"
"sravaka","No definition found"
"sreethan","No definition found"
"ssp","No definition found"
"stannum","No definition found"
"stanzaic","No definition found"
"statuesquestatusy","No definition found"
"statusy","No definition found"
"steenkirk","No definition found"
"steeplechasing","No definition found"
"steinkirk","No definition found"
"stellular","No definition found"
"stitchery","No definition found"
"sto","No definition found"
"stormmince","No definition found"
"stradivarius","No definition found"
"straydifficulty","No definition found"
"striation","No definition found"
"stridency","No definition found"
"strigolniki","No definition found"
"struthious","No definition found"
"struthiousstupa","No definition found"
"sturnine","No definition found"
"subaqueousrecusancy","No definition found"
"subliminalsubluxated","No definition found"
"subrident","No definition found"
"subridentethylene","No definition found"
"succade","No definition found"
"succorance","No definition found"
"succourance","No definition found"
"succussion","No definition found"
"sudation","No definition found"
"sudsy","No definition found"
"sufi","No definition found"
"sukhatankar","No definition found"
"sultanate","No definition found"
"sumatran","No definition found"
"sumerian","No definition found"
"sumpsimus","No definition found"
"sundar","No definition found"
"sunt","No definition found"
"surlyw","No definition found"
"surmountable","No definition found"
"svarabhakti","No definition found"
"swainsona","No definition found"
"swayharsh","No definition found"
"symposiumsyndicate","No definition found"
"synanthrope","No definition found"
"syndactylism","No definition found"
"syndactylismt","No definition found"
"syntonize","No definition found"
"syntrophism","No definition found"
"systemt","No definition found"
"taal","No definition found"
"tabernacledifficulty","No definition found"
"tae","No definition found"
"taedium","No definition found"
"tamid","No definition found"
"tamworth","No definition found"
"tanagerpneumatocyst","No definition found"
"tangiblenourish","No definition found"
"tannined","No definition found"
"taoism","No definition found"
"tarleton","No definition found"
"tartaric","No definition found"
"tasmanian","No definition found"
"taurinehierurgical","No definition found"
"tchefuncte","No definition found"
"teenagerspeat","No definition found"
"tegucigalpa","No definition found"
"tejano","No definition found"
"telegnosis","No definition found"
"telmatology","No definition found"
"temalacatl","No definition found"
"temerityegress","No definition found"
"tenaciouslyindemnity","No definition found"
"teneramente","No definition found"
"tentacled","No definition found"
"tentativeness","No definition found"
"tepidity","No definition found"
"teraigabarit","No definition found"
"teratism","No definition found"
"terpsichore","No definition found"
"terre","No definition found"
"tersely","No definition found"
"testimonybeaucoup","No definition found"
"tetrachoric","No definition found"
"tetrazzini","No definition found"
"teutonic","No definition found"
"thailand","No definition found"
"their","No definition found"
"theravada","No definition found"
"theriatrics","No definition found"
"theriatricsnoun","No definition found"
"thermohaline","No definition found"
"thesmothete","No definition found"
"thespiansubmersible","No definition found"
"thimerosal","No definition found"
"thistledifficulty","No definition found"
"thomism","No definition found"
"thoughtsverb","No definition found"
"thousands","No definition found"
"thrasonical","No definition found"
"thuluth","No definition found"
"thursday","No definition found"
"thwartwise","No definition found"
"tibetan","No definition found"
"tichodrome","No definition found"
"tichodromesapporo","No definition found"
"tiffanytiffin","No definition found"
"tikkun","No definition found"
"tillamook","No definition found"
"tinnient","No definition found"
"tinseltown","No definition found"
"tintinnabulary","No definition found"
"titration","No definition found"
"tlingitdetainees","No definition found"
"toggenburg","No definition found"
"togo","No definition found"
"toilsometempestuous","No definition found"
"toity","No definition found"
"tok","No definition found"
"tokendifficulty","No definition found"
"tokonomaunguiculate","No definition found"
"toorie","No definition found"
"toploftical","No definition found"
"topologically","No definition found"
"toponymic","No definition found"
"toril","No definition found"
"toroidalbialy","No definition found"
"torsionjusticiable","No definition found"
"tosteson","No definition found"
"toties","No definition found"
"totipotency","No definition found"
"tourelle","No definition found"
"toxicosis","No definition found"
"tractability","No definition found"
"tralatitious","No definition found"
"transposable","No definition found"
"trashbobbed","No definition found"
"tremuloustrepanation","No definition found"
"trepanation","No definition found"
"triagetrinkets","No definition found"
"tricenary","No definition found"
"tricenarytriste","No definition found"
"triceratopssandal","No definition found"
"trigeminal","No definition found"
"trigeminalbruja","No definition found"
"trillado","No definition found"
"trinidadian","No definition found"
"triste","No definition found"
"tristetrituration","No definition found"
"tristeza","No definition found"
"trituration","No definition found"
"trocheetrompe","No definition found"
"trompe","No definition found"
"trotteur","No definition found"
"trous","No definition found"
"trouvaille","No definition found"
"trovato","No definition found"
"trovatobeowulf","No definition found"
"trowsers","No definition found"
"truckee","No definition found"
"truculence","No definition found"
"truereal","No definition found"
"truncatetubers","No definition found"
"tryptophanneophyte","No definition found"
"tsk","No definition found"
"tsked","No definition found"
"tsukupin","No definition found"
"ttyl","No definition found"
"tulipmyself","No definition found"
"tumultuouscommodore","No definition found"
"turbinadobrethren","No definition found"
"turken","No definition found"
"turkenriddance","No definition found"
"turophile","No definition found"
"turquois","No definition found"
"tusche","No definition found"
"tuschet","No definition found"
"tweeholiday","No definition found"
"twinklesnicker","No definition found"
"tympanumfisticuffs","No definition found"
"typhlology","No definition found"
"typhoean","No definition found"
"typhoeanu","No definition found"
"ubi","No definition found"
"ufologycholera","No definition found"
"uglinessquack","No definition found"
"ukrainian","No definition found"
"umbelliferous","No definition found"
"umpirage","No definition found"
"una","No definition found"
"unakite","No definition found"
"unchristened","No definition found"
"undergirdnoun","No definition found"
"unfurldifficulty","No definition found"
"universalv","No definition found"
"univocalavarice","No definition found"
"unprepossessingbipolar","No definition found"
"upanisads","No definition found"
"upanishads","No definition found"
"upsilonsakura","No definition found"
"urad","No definition found"
"urbanely","No definition found"
"urgencybifurcate","No definition found"
"ushuaia","No definition found"
"ustion","No definition found"
"usurpernoun","No definition found"
"utterable","No definition found"
"uveal","No definition found"
"uvulaenumerated","No definition found"
"vaccary","No definition found"
"vacuousness","No definition found"
"valkyrian","No definition found"
"valourous","No definition found"
"valvata","No definition found"
"vancouver","No definition found"
"vandalizechancellor","No definition found"
"vanuatu","No definition found"
"varicosedifficulty","No definition found"
"variscite","No definition found"
"vatican","No definition found"
"vendage","No definition found"
"veneernoun","No definition found"
"venenate","No definition found"
"venezuela","No definition found"
"ventail","No definition found"
"veritableinterjection","No definition found"
"vernalaardvark","No definition found"
"veronique","No definition found"
"versa","No definition found"
"versailles","No definition found"
"versiera","No definition found"
"vertebral","No definition found"
"vertere","No definition found"
"verylast","No definition found"
"vesuvian","No definition found"
"vexillologist","No definition found"
"vicenary","No definition found"
"victorian","No definition found"
"vigilvincible","No definition found"
"vilipend","No definition found"
"vindictiveattitudes","No definition found"
"vinegarfiduciary","No definition found"
"virtuallyvisibility","No definition found"
"viscidity","No definition found"
"viscidityw","No definition found"
"visite","No definition found"
"vitae","No definition found"
"vitiatespodumene","No definition found"
"vituline","No definition found"
"vivaciousxenoglossy","No definition found"
"vivre","No definition found"
"vizierial","No definition found"
"vizierialcrescive","No definition found"
"vizierialnoun","No definition found"
"vocab","No definition found"
"voceinesculent","No definition found"
"volery","No definition found"
"voltammetry","No definition found"
"volucrine","No definition found"
"voraciousnoun","No definition found"
"votivenoun","No definition found"
"vue","No definition found"
"vulcan","No definition found"
"wabeno","No definition found"
"waf","No definition found"
"waing","No definition found"
"walter","No definition found"
"wamble","No definition found"
"wampanoag","No definition found"
"wantedsprung","No definition found"
"wapitiweka","No definition found"
"warison","No definition found"
"washington","No definition found"
"wasn","No definition found"
"weald","No definition found"
"wealdblink","No definition found"
"webster","No definition found"
"websterian","No definition found"
"wednesday","No definition found"
"wensleydale","No definition found"
"werf","No definition found"
"whetnoun","No definition found"
"wheytrademarks","No definition found"
"whidah","No definition found"
"whimperbracelet","No definition found"
"whippoorwillficus","No definition found"
"wieldscuppers","No definition found"
"wiesbadenmontmorency","No definition found"
"wigan","No definition found"
"windbaggery","No definition found"
"wittselbach","No definition found"
"wobbulator","No definition found"
"wobbulatormahogany","No definition found"
"woogie","No definition found"
"woolsey","No definition found"
"wootz","No definition found"
"wootzy","No definition found"
"wordmonger","No definition found"
"worldmath","No definition found"
"xenoglossy","No definition found"
"xerogel","No definition found"
"xiphias","No definition found"
"xiphophyllous","No definition found"
"xyloglyphy","No definition found"
"xylyl","No definition found"
"yakitoripejorate","No definition found"
"yawmeter","No definition found"
"yeanling","No definition found"
"yearh","No definition found"
"yeatsian","No definition found"
"yom","No definition found"
"yoo","No definition found"
"yorkshire","No definition found"
"yoruba","No definition found"
"yosenabe","No definition found"
"your","No definition found"
"yttriferous","No definition found"
"yuloh","No definition found"
"zacate","No definition found"
"zamboni","No definition found"
"zamboniblarney","No definition found"
"zanni","No definition found"
"zazencabochon","No definition found"
"zdarsky","No definition found"
"zemi","No definition found"
"zeus","No definition found"
"zimbabwe","No definition found"
"zimocca","No definition found"
"zithersustain","No definition found"
"zocalo","No definition found"
"zoetic","No definition found"
"zortzico","No definition found"
"zugzwangterre","No definition found"
"zurna","No definition found"
"zygotea","No definition found"
"zygotenoun","No definition found"
"zyzomys","No definition found"
"zyzomysadjective","No definition found"
